{
  "full_modalities": {
    "accuracy": 0.7957746386528015,
    "f1_macro": 0.6801389999184835
  },
  "single_modalities": {
    "imu_hand": {
      "accuracy": 0.5176056623458862,
      "f1_macro": 0.3661451873216579
    },
    "imu_chest": {
      "accuracy": 0.30281689763069153,
      "f1_macro": 0.13508869179600888
    },
    "imu_ankle": {
      "accuracy": 0.2887323796749115,
      "f1_macro": 0.1776917821981113
    },
    "heart_rate": {
      "accuracy": 0.17605634033679962,
      "f1_macro": 0.053143204938700984
    }
  },
  "all_combinations": {
    "imu_hand": {
      "accuracy": 0.5176056623458862,
      "f1_macro": 0.3661451873216579
    },
    "imu_chest": {
      "accuracy": 0.30281689763069153,
      "f1_macro": 0.13508869179600888
    },
    "imu_ankle": {
      "accuracy": 0.2887323796749115,
      "f1_macro": 0.1776917821981113
    },
    "heart_rate": {
      "accuracy": 0.17605634033679962,
      "f1_macro": 0.053143204938700984
    },
    "imu_hand+imu_chest": {
      "accuracy": 0.7112675905227661,
      "f1_macro": 0.5822026205465876
    },
    "imu_hand+imu_ankle": {
      "accuracy": 0.6091549396514893,
      "f1_macro": 0.4423127229578287
    },
    "imu_hand+heart_rate": {
      "accuracy": 0.5176056623458862,
      "f1_macro": 0.39429631484643823
    },
    "imu_chest+imu_ankle": {
      "accuracy": 0.6373239159584045,
      "f1_macro": 0.5244282681736351
    },
    "imu_chest+heart_rate": {
      "accuracy": 0.5246478915214539,
      "f1_macro": 0.4305218539839559
    },
    "imu_ankle+heart_rate": {
      "accuracy": 0.5,
      "f1_macro": 0.3486688943501913
    },
    "imu_hand+imu_chest+imu_ankle": {
      "accuracy": 0.7570422291755676,
      "f1_macro": 0.6384285733572782
    },
    "imu_hand+imu_chest+heart_rate": {
      "accuracy": 0.7605633735656738,
      "f1_macro": 0.6013537871118102
    },
    "imu_hand+imu_ankle+heart_rate": {
      "accuracy": 0.6338028311729431,
      "f1_macro": 0.5047666939674132
    },
    "imu_chest+imu_ankle+heart_rate": {
      "accuracy": 0.6760563254356384,
      "f1_macro": 0.587667323714395
    },
    "imu_hand+imu_chest+imu_ankle+heart_rate": {
      "accuracy": 0.7957746386528015,
      "f1_macro": 0.6801389999184835
    }
  },
  "modality_importance": {
    "imu_hand": 0.40657805793537594,
    "imu_chest": 0.338348464599343,
    "imu_ankle": 0.20538836431782634,
    "heart_rate": 0.04968511314745475
  }
}