{
  "dataset": "pamap2",
  "fusion_type": "late",
  "test_accuracy": 0.8133803009986877,
  "test_f1_macro": 0.701758677093176,
  "test_loss": 0.7850098222704001,
  "ece": 0.10427699983119965,
  "inference_ms_mean": 65.97342826409472,
  "inference_ms_std": 6.605918368366651
}