{
  "full_modalities": {
    "accuracy": 0.8133803009986877,
    "f1_macro": 0.701758677093176
  },
  "single_modalities": {
    "imu_hand": {
      "accuracy": 0.5281690359115601,
      "f1_macro": 0.3798800736300736
    },
    "imu_chest": {
      "accuracy": 0.48591548204421997,
      "f1_macro": 0.34530536622239816
    },
    "imu_ankle": {
      "accuracy": 0.39788731932640076,
      "f1_macro": 0.31526887088190164
    },
    "heart_rate": {
      "accuracy": 0.19366197288036346,
      "f1_macro": 0.06968118686868686
    }
  },
  "all_combinations": {
    "imu_hand": {
      "accuracy": 0.5281690359115601,
      "f1_macro": 0.3798800736300736
    },
    "imu_chest": {
      "accuracy": 0.48591548204421997,
      "f1_macro": 0.34530536622239816
    },
    "imu_ankle": {
      "accuracy": 0.39788731932640076,
      "f1_macro": 0.31526887088190164
    },
    "heart_rate": {
      "accuracy": 0.19366197288036346,
      "f1_macro": 0.06968118686868686
    },
    "imu_hand+imu_chest": {
      "accuracy": 0.658450722694397,
      "f1_macro": 0.5380428436736167
    },
    "imu_hand+imu_ankle": {
      "accuracy": 0.6126760840415955,
      "f1_macro": 0.4940106399153448
    },
    "imu_hand+heart_rate": {
      "accuracy": 0.6232394576072693,
      "f1_macro": 0.4684543810199732
    },
    "imu_chest+imu_ankle": {
      "accuracy": 0.5457746386528015,
      "f1_macro": 0.4809309518513358
    },
    "imu_chest+heart_rate": {
      "accuracy": 0.5457746386528015,
      "f1_macro": 0.397278773987698
    },
    "imu_ankle+heart_rate": {
      "accuracy": 0.47183099389076233,
      "f1_macro": 0.37160534351018554
    },
    "imu_hand+imu_chest+imu_ankle": {
      "accuracy": 0.7957746386528015,
      "f1_macro": 0.6882820241709812
    },
    "imu_hand+imu_chest+heart_rate": {
      "accuracy": 0.7570422291755676,
      "f1_macro": 0.640622045381043
    },
    "imu_hand+imu_ankle+heart_rate": {
      "accuracy": 0.6514084339141846,
      "f1_macro": 0.5416464938136002
    },
    "imu_chest+imu_ankle+heart_rate": {
      "accuracy": 0.6056337952613831,
      "f1_macro": 0.4875641073125871
    },
    "imu_hand+imu_chest+imu_ankle+heart_rate": {
      "accuracy": 0.8133803009986877,
      "f1_macro": 0.701758677093176
    }
  },
  "modality_importance": {
    "imu_hand": 0.48259896868154484,
    "imu_chest": 0.343671042212717,
    "imu_ankle": 0.1563289355170936,
    "heart_rate": 0.01740105358864458
  }
}