{
  "dataset": "pamap2",
  "fusion_type": "early",
  "test_accuracy": 0.30281689763069153,
  "test_f1_macro": 0.2399662425787074,
  "test_loss": 1.8370229482755696,
  "ece": 0.15206097066402435,
  "mce": 0.6391934752464294,
  "nll": 1.8370230197906494,
  "inference_ms_mean": 16.176790133799937,
  "inference_ms_std": 1.726646485066321
}