{
  "dataset": "pamap2",
  "fusion_type": "early",
  "test_accuracy": 0.7007042169570923,
  "test_f1_macro": 0.6684512055299925,
  "test_loss": 1.1360278272817672,
  "ece": 0.11364879459142685,
  "mce": 0.4475841224193573,
  "nll": 1.1360278129577637,
  "inference_ms_mean": 9.718304651407049,
  "inference_ms_std": 0.9873377040077594
}