{
  "results": {
    "early": {
      "dataset": "pamap2",
      "fusion_type": "early",
      "test_accuracy": 0.841549277305603,
      "test_f1_macro": 0.8076993642876678,
      "test_loss": 0.6694766269262198,
      "ece": 0.04398488253355026,
      "inference_ms_mean": 1
    },
    "hybrid": {
      "dataset": "pamap2",
      "fusion_type": "hybrid",
      "test_accuracy": 0.7957746386528015,
      "test_f1_macro": 0.6801389999184835,
      "test_loss": 0.6479854327544544,
      "ece": 0.07016145437955856,
      "inference_ms_mean": 1
    },
    "late": {
      "dataset": "pamap2",
      "fusion_type": "late",
      "test_accuracy": 0.8133803009986877,
      "test_f1_macro": 0.701758677093176,
      "test_loss": 0.7850098222704001,
      "ece": 0.10427699983119965,
      "inference_ms_mean": 65.97342826409472,
      "inference_ms_std": 6.605918368366651
    },
    "single_heart_rate": {
      "dataset": "pamap2",
      "fusion_type": "early",
      "test_accuracy": 0.30281689763069153,
      "test_f1_macro": 0.2399662425787074,
      "test_loss": 1.8370229482755696,
      "ece": 0.15206097066402435,
      "mce": 0.6391934752464294,
      "nll": 1.8370230197906494,
      "inference_ms_mean": 16.176790133799937,
      "inference_ms_std": 1.726646485066321
    },
    "single_imu_ankle": {
      "dataset": "pamap2",
      "fusion_type": "early",
      "test_accuracy": 0.3732394278049469,
      "test_f1_macro": 0.2758416706674881,
      "test_loss": 2.3208814175917545,
      "ece": 0.3085017800331116,
      "mce": 0.6275668740272522,
      "nll": 2.3208813667297363,
      "inference_ms_mean": 16.811032838020278,
      "inference_ms_std": 1.8885035018013319
    },
    "single_imu_chest": {
      "dataset": "pamap2",
      "fusion_type": "early",
      "test_accuracy": 0.7007042169570923,
      "test_f1_macro": 0.6684512055299925,
      "test_loss": 1.1360278272817672,
      "ece": 0.11364879459142685,
      "mce": 0.4475841224193573,
      "nll": 1.1360278129577637,
      "inference_ms_mean": 9.718304651407049,
      "inference_ms_std": 0.9873377040077594
    },
    "single_imu_hand": {
      "dataset": "pamap2",
      "fusion_type": "early",
      "test_accuracy": 0.6654929518699646,
      "test_f1_macro": 0.49037249899145063,
      "test_loss": 1.3888060484199563,
      "ece": 0.1688399612903595,
      "mce": 0.435127854347229,
      "nll": 1.3888061046600342,
      "inference_ms_mean": 16.28123332394468,
      "inference_ms_std": 1.7298680819558567
    }
  }
}