{
  "full_modalities": {
    "accuracy": 0.8626760840415955,
    "f1_macro": 0.7514527470497633
  },
  "single_modalities": {
    "imu_hand": {
      "accuracy": 0.44014084339141846,
      "f1_macro": 0.30738588278853274
    },
    "imu_chest": {
      "accuracy": 0.15492957830429077,
      "f1_macro": 0.04663271080928126
    },
    "imu_ankle": {
      "accuracy": 0.31338027119636536,
      "f1_macro": 0.24362619328294385
    },
    "heart_rate": {
      "accuracy": 0.13380281627178192,
      "f1_macro": 0.05200657410587255
    }
  },
  "all_combinations": {
    "imu_hand": {
      "accuracy": 0.44014084339141846,
      "f1_macro": 0.30738588278853274
    },
    "imu_chest": {
      "accuracy": 0.15492957830429077,
      "f1_macro": 0.04663271080928126
    },
    "imu_ankle": {
      "accuracy": 0.31338027119636536,
      "f1_macro": 0.24362619328294385
    },
    "heart_rate": {
      "accuracy": 0.13380281627178192,
      "f1_macro": 0.05200657410587255
    },
    "imu_hand+imu_chest": {
      "accuracy": 0.6971830725669861,
      "f1_macro": 0.6000585725800208
    },
    "imu_hand+imu_ankle": {
      "accuracy": 0.6795774698257446,
      "f1_macro": 0.5359983692655217
    },
    "imu_hand+heart_rate": {
      "accuracy": 0.5633803009986877,
      "f1_macro": 0.518715644740768
    },
    "imu_chest+imu_ankle": {
      "accuracy": 0.5528169274330139,
      "f1_macro": 0.4976466784698005
    },
    "imu_chest+heart_rate": {
      "accuracy": 0.4084506928920746,
      "f1_macro": 0.2854887004625365
    },
    "imu_ankle+heart_rate": {
      "accuracy": 0.4647887349128723,
      "f1_macro": 0.3051215120296846
    },
    "imu_hand+imu_chest+imu_ankle": {
      "accuracy": 0.7992957830429077,
      "f1_macro": 0.6782452779315166
    },
    "imu_hand+imu_chest+heart_rate": {
      "accuracy": 0.75,
      "f1_macro": 0.7058097362744069
    },
    "imu_hand+imu_ankle+heart_rate": {
      "accuracy": 0.7253521084785461,
      "f1_macro": 0.6665423192814058
    },
    "imu_chest+imu_ankle+heart_rate": {
      "accuracy": 0.6126760840415955,
      "f1_macro": 0.41000698238551386
    },
    "imu_hand+imu_chest+imu_ankle+heart_rate": {
      "accuracy": 0.8626760840415955,
      "f1_macro": 0.7514527470497633
    }
  },
  "modality_importance": {
    "imu_hand": 0.46983734835782415,
    "imu_chest": 0.1961043880172818,
    "imu_ankle": 0.2656013715907993,
    "heart_rate": 0.06845689203409469
  }
}