{
  "dataset": "pamap2",
  "fusion_type": "early",
  "test_accuracy": 0.6654929518699646,
  "test_f1_macro": 0.49037249899145063,
  "test_loss": 1.3888060484199563,
  "ece": 0.1688399612903595,
  "mce": 0.435127854347229,
  "nll": 1.3888061046600342,
  "inference_ms_mean": 16.28123332394468,
  "inference_ms_std": 1.7298680819558567
}