{
  "dataset": "pamap2",
  "fusion_type": "early",
  "test_accuracy": 0.3732394278049469,
  "test_f1_macro": 0.2758416706674881,
  "test_loss": 2.3208814175917545,
  "ece": 0.3085017800331116,
  "mce": 0.6275668740272522,
  "nll": 2.3208813667297363,
  "inference_ms_mean": 16.811032838020278,
  "inference_ms_std": 1.8885035018013319
}